timestamp,title,price,raw_price,url
2025-11-21T05:31:57+01:00,"AMD Ryzen 5 7600X 6-Core, 12-Thread Unlocked Desktop Processor",184,$184.00,https://www.amazon.com/AMD-7600X-12-Thread-Unlocked-Processor/dp/B0BBJDS62N/ref=fabric-ww-slds-dp-fsdp4star-fa-xcat-cheapdynamic_d_sccl_1_5/141-7314364-1824368?pd_rd_w=Bk2eO&content-id=amzn1.sym.a05c3cf8-51a1-4242-994f-07e62a9ad764&pf_rd_p=a05c3cf8-51a1-4242-994f-07e62a9ad764&pf_rd_r=24AQWA7AYVZTA086F5JX&pd_rd_wg=Cs0Iu&pd_rd_r=8ad59d46-5aed-4e4a-bbfa-2a119746f430&pd_rd_i=B0BBJDS62N&th=1
2025-11-21T05:31:57+01:00,"ARCTIC MX-4 (4 g) - Premium Performance Thermal Paste for All Processors (CPU, GPU - PC), Very high Thermal Conductivity, Long Durability, Safe Application, Non-Conductive",324.18,PHP324.18,https://www.amazon.com/ARCTIC-MX-4-2019-Performance-Durability/dp/B07L9BDY3T/ref=pd_bxgy_d_sccl_2/141-7314364-1824368?pd_rd_w=p2Du3&content-id=amzn1.sym.de9a1315-b9df-4c24-863c-7afcb2e4cc0a&pf_rd_p=de9a1315-b9df-4c24-863c-7afcb2e4cc0a&pf_rd_r=W2NNV4RQCNFV5A9TH861&pd_rd_wg=rLaMr&pd_rd_r=05866c26-b9fc-4354-94df-b4d6e514cfed&pd_rd_i=B07L9BDY3T&psc=1
2025-11-21T05:38:58+01:00,"AMD Ryzen 5 7600X 6-Core, 12-Thread Unlocked Desktop Processor",10865.2,"PHP10,865.20",https://www.amazon.com/AMD-7600X-12-Thread-Unlocked-Processor/dp/B0BBJDS62N/ref=fabric-ww-slds-dp-fsdp4star-fa-xcat-cheapdynamic_d_sccl_1_5/141-7314364-1824368?pd_rd_w=Bk2eO&content-id=amzn1.sym.a05c3cf8-51a1-4242-994f-07e62a9ad764&pf_rd_p=a05c3cf8-51a1-4242-994f-07e62a9ad764&pf_rd_r=24AQWA7AYVZTA086F5JX&pd_rd_wg=Cs0Iu&pd_rd_r=8ad59d46-5aed-4e4a-bbfa-2a119746f430&pd_rd_i=B0BBJDS62N&th=1
2025-11-21T05:38:58+01:00,"ARCTIC MX-4 (4 g) - Premium Performance Thermal Paste for All Processors (CPU, GPU - PC), Very high Thermal Conductivity, Long Durability, Safe Application, Non-Conductive",5.49,$5.49,https://www.amazon.com/ARCTIC-MX-4-2019-Performance-Durability/dp/B07L9BDY3T/ref=pd_bxgy_d_sccl_2/141-7314364-1824368?pd_rd_w=p2Du3&content-id=amzn1.sym.de9a1315-b9df-4c24-863c-7afcb2e4cc0a&pf_rd_p=de9a1315-b9df-4c24-863c-7afcb2e4cc0a&pf_rd_r=W2NNV4RQCNFV5A9TH861&pd_rd_wg=rLaMr&pd_rd_r=05866c26-b9fc-4354-94df-b4d6e514cfed&pd_rd_i=B07L9BDY3T&psc=1
2025-11-21T06:15:36+01:00,"AMD Ryzen 5 7600X 6-Core, 12-Thread Unlocked Desktop Processor",184,$184.00,https://www.amazon.com/AMD-7600X-12-Thread-Unlocked-Processor/dp/B0BBJDS62N/ref=fabric-ww-slds-dp-fsdp4star-fa-xcat-cheapdynamic_d_sccl_1_5/141-7314364-1824368?pd_rd_w=Bk2eO&content-id=amzn1.sym.a05c3cf8-51a1-4242-994f-07e62a9ad764&pf_rd_p=a05c3cf8-51a1-4242-994f-07e62a9ad764&pf_rd_r=24AQWA7AYVZTA086F5JX&pd_rd_wg=Cs0Iu&pd_rd_r=8ad59d46-5aed-4e4a-bbfa-2a119746f430&pd_rd_i=B0BBJDS62N&th=1
2025-11-21T06:15:36+01:00,"ARCTIC MX-4 (4 g) - Premium Performance Thermal Paste for All Processors (CPU, GPU - PC), Very high Thermal Conductivity, Long Durability, Safe Application, Non-Conductive",324.18,PHP324.18,https://www.amazon.com/ARCTIC-MX-4-2019-Performance-Durability/dp/B07L9BDY3T/ref=pd_bxgy_d_sccl_2/141-7314364-1824368?pd_rd_w=p2Du3&content-id=amzn1.sym.de9a1315-b9df-4c24-863c-7afcb2e4cc0a&pf_rd_p=de9a1315-b9df-4c24-863c-7afcb2e4cc0a&pf_rd_r=W2NNV4RQCNFV5A9TH861&pd_rd_wg=rLaMr&pd_rd_r=05866c26-b9fc-4354-94df-b4d6e514cfed&pd_rd_i=B07L9BDY3T&psc=1https://www.amazon.com/dp/B0CX23V2ZK
2025-11-21T06:15:36+01:00,"ARCTIC MX-4 (45 g) - Premium Performance Thermal Paste for All Processors (CPU, GPU - PC), Very high Thermal Conductivity, Long Durability, Safe Application, Non-Conductive",19.99,$19.99,https://www.amazon.com/dp/B07LDK4F5R/ref=sspa_dk_detail_3?psc=1&pd_rd_i=B07LDK4F5R&pd_rd_w=9bh62&content-id=amzn1.sym.386c274b-4bfe-4421-9052-a1a56db557ab&pf_rd_p=386c274b-4bfe-4421-9052-a1a56db557ab&pf_rd_r=GW8ZHEVGESDS6KKVQBK9&pd_rd_wg=RiKH3&pd_rd_r=33da7551-577f-4c77-a6df-8f5379e983ad&sp_csd=d2lkZ2V0TmFtZT1zcF9kZXRhaWxfdGhlbWF0aWM
2025-11-21T06:20:57+01:00,"AMD Ryzen 5 7600X 6-Core, 12-Thread Unlocked Desktop Processor",184,$184.00,https://www.amazon.com/AMD-7600X-12-Thread-Unlocked-Processor/dp/B0BBJDS62N/ref=fabric-ww-slds-dp-fsdp4star-fa-xcat-cheapdynamic_d_sccl_1_5/141-7314364-1824368?pd_rd_w=Bk2eO&content-id=amzn1.sym.a05c3cf8-51a1-4242-994f-07e62a9ad764&pf_rd_p=a05c3cf8-51a1-4242-994f-07e62a9ad764&pf_rd_r=24AQWA7AYVZTA086F5JX&pd_rd_wg=Cs0Iu&pd_rd_r=8ad59d46-5aed-4e4a-bbfa-2a119746f430&pd_rd_i=B0BBJDS62N&th=1
2025-11-21T06:20:57+01:00,"ARCTIC MX-4 (4 g) - Premium Performance Thermal Paste for All Processors (CPU, GPU - PC), Very high Thermal Conductivity, Long Durability, Safe Application, Non-Conductive",5.49,$5.49,https://www.amazon.com/ARCTIC-MX-4-2019-Performance-Durability/dp/B07L9BDY3T/ref=pd_bxgy_d_sccl_2/141-7314364-1824368?pd_rd_w=p2Du3&content-id=amzn1.sym.de9a1315-b9df-4c24-863c-7afcb2e4cc0a&pf_rd_p=de9a1315-b9df-4c24-863c-7afcb2e4cc0a&pf_rd_r=W2NNV4RQCNFV5A9TH861&pd_rd_wg=rLaMr&pd_rd_r=05866c26-b9fc-4354-94df-b4d6e514cfed&pd_rd_i=B07L9BDY3T&psc=1
2025-11-21T06:20:57+01:00,"ARCTIC MX-4 (incl. Spatula, 4 g) - Premium Performance Thermal Paste for All Processors (CPU, GPU - PC), Very high Thermal Conductivity, Long Durability, Safe Application",5.49,$5.49,https://www.amazon.com/dp/B0795DP124/ref=sspa_dk_detail_2?psc=1&pd_rd_i=B0795DP124&pd_rd_w=vrgAg&content-id=amzn1.sym.386c274b-4bfe-4421-9052-a1a56db557ab&pf_rd_p=386c274b-4bfe-4421-9052-a1a56db557ab&pf_rd_r=1J9NJA1GQM92957X7HHZ&pd_rd_wg=CAVip&pd_rd_r=e2eb6025-5da9-45dd-b50b-5d82dddb0f87&sp_csd=d2lkZ2V0TmFtZT1zcF9kZXRhaWxfdGhlbWF0aWM
2025-11-21T06:28:58+01:00,"AMD Ryzen 5 7600X 6-Core, 12-Thread Unlocked Desktop Processor",10865.2,"PHP10,865.20",https://m.media-amazon.com/images/I/51m7L9bQI8L._AC_SL1080_.jpg,https://www.amazon.com/AMD-7600X-12-Thread-Unlocked-Processor/dp/B0BBJDS62N/ref=fabric-ww-slds-dp-fsdp4star-fa-xcat-cheapdynamic_d_sccl_1_5/141-7314364-1824368?pd_rd_w=Bk2eO&content-id=amzn1.sym.a05c3cf8-51a1-4242-994f-07e62a9ad764&pf_rd_p=a05c3cf8-51a1-4242-994f-07e62a9ad764&pf_rd_r=24AQWA7AYVZTA086F5JX&pd_rd_wg=Cs0Iu&pd_rd_r=8ad59d46-5aed-4e4a-bbfa-2a119746f430&pd_rd_i=B0BBJDS62N&th=1
2025-11-21T06:28:58+01:00,"ARCTIC MX-4 (4 g) - Premium Performance Thermal Paste for All Processors (CPU, GPU - PC), Very high Thermal Conductivity, Long Durability, Safe Application, Non-Conductive",5.49,$5.49,https://m.media-amazon.com/images/I/51fVtU+cDIL._AC_SL1500_.jpg,https://www.amazon.com/ARCTIC-MX-4-2019-Performance-Durability/dp/B07L9BDY3T/ref=pd_bxgy_d_sccl_2/141-7314364-1824368?pd_rd_w=p2Du3&content-id=amzn1.sym.de9a1315-b9df-4c24-863c-7afcb2e4cc0a&pf_rd_p=de9a1315-b9df-4c24-863c-7afcb2e4cc0a&pf_rd_r=W2NNV4RQCNFV5A9TH861&pd_rd_wg=rLaMr&pd_rd_r=05866c26-b9fc-4354-94df-b4d6e514cfed&pd_rd_i=B07L9BDY3T&psc=1
2025-11-21T06:28:58+01:00,"ARCTIC MX-4 (incl. Spatula, 4 g) - Premium Performance Thermal Paste for All Processors (CPU, GPU - PC), Very high Thermal Conductivity, Long Durability, Safe Application",5.49,$5.49,https://m.media-amazon.com/images/I/610tethTHOL._AC_SL1500_.jpg,https://www.amazon.com/dp/B0795DP124/ref=sspa_dk_detail_2?psc=1&pd_rd_i=B0795DP124&pd_rd_w=vrgAg&content-id=amzn1.sym.386c274b-4bfe-4421-9052-a1a56db557ab&pf_rd_p=386c274b-4bfe-4421-9052-a1a56db557ab&pf_rd_r=1J9NJA1GQM92957X7HHZ&pd_rd_wg=CAVip&pd_rd_r=e2eb6025-5da9-45dd-b50b-5d82dddb0f87&sp_csd=d2lkZ2V0TmFtZT1zcF9kZXRhaWxfdGhlbWF0aWM
2025-11-21T06:30:50+01:00,"AMD Ryzen 5 7600X 6-Core, 12-Thread Unlocked Desktop Processor",10856,"PHP10,856.00",https://m.media-amazon.com/images/I/51m7L9bQI8L._AC_SL1080_.jpg,https://www.amazon.com/AMD-7600X-12-Thread-Unlocked-Processor/dp/B0BBJDS62N/ref=fabric-ww-slds-dp-fsdp4star-fa-xcat-cheapdynamic_d_sccl_1_5/141-7314364-1824368?pd_rd_w=Bk2eO&content-id=amzn1.sym.a05c3cf8-51a1-4242-994f-07e62a9ad764&pf_rd_p=a05c3cf8-51a1-4242-994f-07e62a9ad764&pf_rd_r=24AQWA7AYVZTA086F5JX&pd_rd_wg=Cs0Iu&pd_rd_r=8ad59d46-5aed-4e4a-bbfa-2a119746f430&pd_rd_i=B0BBJDS62N&th=1
2025-11-21T06:30:50+01:00,"ARCTIC MX-4 (4 g) - Premium Performance Thermal Paste for All Processors (CPU, GPU - PC), Very high Thermal Conductivity, Long Durability, Safe Application, Non-Conductive",324.18,PHP324.18,https://m.media-amazon.com/images/I/51fVtU+cDIL._AC_SL1500_.jpg,https://www.amazon.com/ARCTIC-MX-4-2019-Performance-Durability/dp/B07L9BDY3T/ref=pd_bxgy_d_sccl_2/141-7314364-1824368?pd_rd_w=p2Du3&content-id=amzn1.sym.de9a1315-b9df-4c24-863c-7afcb2e4cc0a&pf_rd_p=de9a1315-b9df-4c24-863c-7afcb2e4cc0a&pf_rd_r=W2NNV4RQCNFV5A9TH861&pd_rd_wg=rLaMr&pd_rd_r=05866c26-b9fc-4354-94df-b4d6e514cfed&pd_rd_i=B07L9BDY3T&psc=1
2025-11-21T06:30:50+01:00,"ARCTIC MX-4 (incl. Spatula, 4 g) - Premium Performance Thermal Paste for All Processors (CPU, GPU - PC), Very high Thermal Conductivity, Long Durability, Safe Application",323.91,PHP323.91,https://m.media-amazon.com/images/I/610tethTHOL._AC_SL1500_.jpg,https://www.amazon.com/dp/B0795DP124/ref=sspa_dk_detail_2?psc=1&pd_rd_i=B0795DP124&pd_rd_w=vrgAg&content-id=amzn1.sym.386c274b-4bfe-4421-9052-a1a56db557ab&pf_rd_p=386c274b-4bfe-4421-9052-a1a56db557ab&pf_rd_r=1J9NJA1GQM92957X7HHZ&pd_rd_wg=CAVip&pd_rd_r=e2eb6025-5da9-45dd-b50b-5d82dddb0f87&sp_csd=d2lkZ2V0TmFtZT1zcF9kZXRhaWxfdGhlbWF0aWM
2025-11-21T06:36:38+01:00,"AMD Ryzen 5 7600X 6-Core, 12-Thread Unlocked Desktop Processor",10856,"PHP10,856.00",https://m.media-amazon.com/images/I/51m7L9bQI8L._AC_SL1080_.jpg,https://www.amazon.com/AMD-7600X-12-Thread-Unlocked-Processor/dp/B0BBJDS62N/ref=fabric-ww-slds-dp-fsdp4star-fa-xcat-cheapdynamic_d_sccl_1_5/141-7314364-1824368?pd_rd_w=Bk2eO&content-id=amzn1.sym.a05c3cf8-51a1-4242-994f-07e62a9ad764&pf_rd_p=a05c3cf8-51a1-4242-994f-07e62a9ad764&pf_rd_r=24AQWA7AYVZTA086F5JX&pd_rd_wg=Cs0Iu&pd_rd_r=8ad59d46-5aed-4e4a-bbfa-2a119746f430&pd_rd_i=B0BBJDS62N&th=1
2025-11-21T06:36:38+01:00,"ARCTIC MX-4 (4 g) - Premium Performance Thermal Paste for All Processors (CPU, GPU - PC), Very high Thermal Conductivity, Long Durability, Safe Application, Non-Conductive",324.18,PHP324.18,https://m.media-amazon.com/images/I/51fVtU+cDIL._AC_SL1500_.jpg,https://www.amazon.com/ARCTIC-MX-4-2019-Performance-Durability/dp/B07L9BDY3T/ref=pd_bxgy_d_sccl_2/141-7314364-1824368?pd_rd_w=p2Du3&content-id=amzn1.sym.de9a1315-b9df-4c24-863c-7afcb2e4cc0a&pf_rd_p=de9a1315-b9df-4c24-863c-7afcb2e4cc0a&pf_rd_r=W2NNV4RQCNFV5A9TH861&pd_rd_wg=rLaMr&pd_rd_r=05866c26-b9fc-4354-94df-b4d6e514cfed&pd_rd_i=B07L9BDY3T&psc=1
2025-11-21T06:36:38+01:00,"ARCTIC MX-4 (incl. Spatula, 4 g) - Premium Performance Thermal Paste for All Processors (CPU, GPU - PC), Very high Thermal Conductivity, Long Durability, Safe Application",323.91,PHP323.91,https://m.media-amazon.com/images/I/610tethTHOL._AC_SL1500_.jpg,https://www.amazon.com/dp/B0795DP124/ref=sspa_dk_detail_2?psc=1&pd_rd_i=B0795DP124&pd_rd_w=vrgAg&content-id=amzn1.sym.386c274b-4bfe-4421-9052-a1a56db557ab&pf_rd_p=386c274b-4bfe-4421-9052-a1a56db557ab&pf_rd_r=1J9NJA1GQM92957X7HHZ&pd_rd_wg=CAVip&pd_rd_r=e2eb6025-5da9-45dd-b50b-5d82dddb0f87&sp_csd=d2lkZ2V0TmFtZT1zcF9kZXRhaWxfdGhlbWF0aWM
2025-11-21T06:37:24+01:00,"AMD Ryzen 5 7600X 6-Core, 12-Thread Unlocked Desktop Processor",10865.2,"PHP10,865.20",https://m.media-amazon.com/images/I/51m7L9bQI8L._AC_SL1080_.jpg,https://www.amazon.com/AMD-7600X-12-Thread-Unlocked-Processor/dp/B0BBJDS62N/ref=fabric-ww-slds-dp-fsdp4star-fa-xcat-cheapdynamic_d_sccl_1_5/141-7314364-1824368?pd_rd_w=Bk2eO&content-id=amzn1.sym.a05c3cf8-51a1-4242-994f-07e62a9ad764&pf_rd_p=a05c3cf8-51a1-4242-994f-07e62a9ad764&pf_rd_r=24AQWA7AYVZTA086F5JX&pd_rd_wg=Cs0Iu&pd_rd_r=8ad59d46-5aed-4e4a-bbfa-2a119746f430&pd_rd_i=B0BBJDS62N&th=1
2025-11-21T06:37:24+01:00,"ARCTIC MX-4 (4 g) - Premium Performance Thermal Paste for All Processors (CPU, GPU - PC), Very high Thermal Conductivity, Long Durability, Safe Application, Non-Conductive",324.18,PHP324.18,https://m.media-amazon.com/images/I/51fVtU+cDIL._AC_SL1500_.jpg,https://www.amazon.com/ARCTIC-MX-4-2019-Performance-Durability/dp/B07L9BDY3T/ref=pd_bxgy_d_sccl_2/141-7314364-1824368?pd_rd_w=p2Du3&content-id=amzn1.sym.de9a1315-b9df-4c24-863c-7afcb2e4cc0a&pf_rd_p=de9a1315-b9df-4c24-863c-7afcb2e4cc0a&pf_rd_r=W2NNV4RQCNFV5A9TH861&pd_rd_wg=rLaMr&pd_rd_r=05866c26-b9fc-4354-94df-b4d6e514cfed&pd_rd_i=B07L9BDY3T&psc=1
2025-11-21T06:37:24+01:00,"ARCTIC MX-4 (incl. Spatula, 4 g) - Premium Performance Thermal Paste for All Processors (CPU, GPU - PC), Very high Thermal Conductivity, Long Durability, Safe Application",323.91,PHP323.91,https://m.media-amazon.com/images/I/610tethTHOL._AC_SL1500_.jpg,https://www.amazon.com/dp/B0795DP124/ref=sspa_dk_detail_2?psc=1&pd_rd_i=B0795DP124&pd_rd_w=vrgAg&content-id=amzn1.sym.386c274b-4bfe-4421-9052-a1a56db557ab&pf_rd_p=386c274b-4bfe-4421-9052-a1a56db557ab&pf_rd_r=1J9NJA1GQM92957X7HHZ&pd_rd_wg=CAVip&pd_rd_r=e2eb6025-5da9-45dd-b50b-5d82dddb0f87&sp_csd=d2lkZ2V0TmFtZT1zcF9kZXRhaWxfdGhlbWF0aWM
2025-11-21T06:37:24+01:00,"Tunoyee Latest 16'' Laptop Computer 2560 * 1600 FHD Display, 16GB RAM 1T SSD, 12 Gen N95 Processor(Up to 3.4GHz), Compatible with Windows 11 Laptop, 180° Open Angle, Backlit Keyboard, WiFi, USB-A&C",17714.41,"PHP17,714.41",https://m.media-amazon.com/images/I/61b4g0pMnfL._AC_SL1500_.jpg,https://www.amazon.com/dp/B0FC2K9KMM/ref=sspa_dk_detail_2?pd_rd_i=B0FC2K9KMM&pd_rd_w=zTo0A&content-id=amzn1.sym.7446a9d1-25fe-4460-b135-a60336bad2c9&pf_rd_p=7446a9d1-25fe-4460-b135-a60336bad2c9&pf_rd_r=XAEEC5268AY500K03GX4&pd_rd_wg=nDUxX&pd_rd_r=70f68850-98b4-4173-a064-433e0a7e7388&sp_csd=d2lkZ2V0TmFtZT1zcF9kZXRhaWw&th=1
2025-11-21T06:41:40+01:00,"ARCTIC Freezer 36 A-RGB - Single-Tower CPU Cooler with Push-Pull, Two Pressure-optimised 120 mm P Fans and ARGB Lighting, Fluid Dynamic Bearing, 200–2000 RPM, 4 Heatpipes, incl. MX-6 Thermal Compound",2856.25,"PHP2,856.25",https://m.media-amazon.com/images/I/71ddDTwKd3L._SL1500_.jpg,https://www.amazon.com/dp/B09VH22MT1/ref=sspa_dk_detail_3?pd_rd_i=B09VH22MT1&pd_rd_w=0redC&content-id=amzn1.sym.7446a9d1-25fe-4460-b135-a60336bad2c9&pf_rd_p=7446a9d1-25fe-4460-b135-a60336bad2c9&pf_rd_r=C8KW7QG589F35AP7118T&pd_rd_wg=7Rfvm&pd_rd_r=2645bad2-b9c5-440a-96fe-8e39ca41cf56&sp_csd=d2lkZ2V0TmFtZT1zcF9kZXRhaWw&th=1
2025-11-21T06:42:27+01:00,"Tunoyee Latest 16'' Laptop Computer 2560 * 1600 FHD Display, 16GB RAM 1T SSD, 12 Gen N95 Processor(Up to 3.4GHz), Compatible with Windows 11 Laptop, 180° Open Angle, Backlit Keyboard, WiFi, USB-A&C",17714.41,"PHP17,714.41",https://m.media-amazon.com/images/I/61b4g0pMnfL._AC_SL1500_.jpg,https://www.amazon.com/dp/B0FC2K9KMM/ref=sspa_dk_detail_2?pd_rd_i=B0FC2K9KMM&pd_rd_w=zTo0A&content-id=amzn1.sym.7446a9d1-25fe-4460-b135-a60336bad2c9&pf_rd_p=7446a9d1-25fe-4460-b135-a60336bad2c9&pf_rd_r=XAEEC5268AY500K03GX4&pd_rd_wg=nDUxX&pd_rd_r=70f68850-98b4-4173-a064-433e0a7e7388&sp_csd=d2lkZ2V0TmFtZT1zcF9kZXRhaWw&th=1
2025-11-21T06:53:36+01:00,"AMD Ryzen 5 7600X 6-Core, 12-Thread Unlocked Desktop Processor",10865.2,"PHP10,865.20",https://m.media-amazon.com/images/I/51m7L9bQI8L._AC_SL1080_.jpg,https://www.amazon.com/AMD-7600X-12-Thread-Unlocked-Processor/dp/B0BBJDS62N/ref=fabric-ww-slds-dp-fsdp4star-fa-xcat-cheapdynamic_d_sccl_1_5/141-7314364-1824368?pd_rd_w=Bk2eO&content-id=amzn1.sym.a05c3cf8-51a1-4242-994f-07e62a9ad764&pf_rd_p=a05c3cf8-51a1-4242-994f-07e62a9ad764&pf_rd_r=24AQWA7AYVZTA086F5JX&pd_rd_wg=Cs0Iu&pd_rd_r=8ad59d46-5aed-4e4a-bbfa-2a119746f430&pd_rd_i=B0BBJDS62N&th=1
2025-11-21T06:53:36+01:00,"ARCTIC Freezer 36 A-RGB - Single-Tower CPU Cooler with Push-Pull, Two Pressure-optimised 120 mm P Fans and ARGB Lighting, Fluid Dynamic Bearing, 200–2000 RPM, 4 Heatpipes, incl. MX-6 Thermal Compound",2853.83,"PHP2,853.83",https://m.media-amazon.com/images/I/71ddDTwKd3L._SL1500_.jpg,https://www.amazon.com/dp/B09VH22MT1/ref=sspa_dk_detail_3?pd_rd_i=B09VH22MT1&pd_rd_w=0redC&content-id=amzn1.sym.7446a9d1-25fe-4460-b135-a60336bad2c9&pf_rd_p=7446a9d1-25fe-4460-b135-a60336bad2c9&pf_rd_r=C8KW7QG589F35AP7118T&pd_rd_wg=7Rfvm&pd_rd_r=2645bad2-b9c5-440a-96fe-8e39ca41cf56&sp_csd=d2lkZ2V0TmFtZT1zcF9kZXRhaWw&th=1
2025-11-21T06:53:36+01:00,"Tunoyee Latest 16'' Laptop Computer 2560 * 1600 FHD Display, 16GB RAM 1T SSD, 12 Gen N95 Processor(Up to 3.4GHz), Compatible with Windows 11 Laptop, 180° Open Angle, Backlit Keyboard, WiFi, USB-A&C",17714.41,"PHP17,714.41",https://m.media-amazon.com/images/I/61b4g0pMnfL._AC_SL1500_.jpg,https://www.amazon.com/dp/B0FC2K9KMM/ref=sspa_dk_detail_2?pd_rd_i=B0FC2K9KMM&pd_rd_w=zTo0A&content-id=amzn1.sym.7446a9d1-25fe-4460-b135-a60336bad2c9&pf_rd_p=7446a9d1-25fe-4460-b135-a60336bad2c9&pf_rd_r=XAEEC5268AY500K03GX4&pd_rd_wg=nDUxX&pd_rd_r=70f68850-98b4-4173-a064-433e0a7e7388&sp_csd=d2lkZ2V0TmFtZT1zcF9kZXRhaWw&th=1
2025-11-21T06:53:59+01:00,"AMD Ryzen 5 7600X 6-Core, 12-Thread Unlocked Desktop Processor",10856,"PHP10,856.00",https://m.media-amazon.com/images/I/51m7L9bQI8L._AC_SL1080_.jpg,https://www.amazon.com/AMD-7600X-12-Thread-Unlocked-Processor/dp/B0BBJDS62N/ref=fabric-ww-slds-dp-fsdp4star-fa-xcat-cheapdynamic_d_sccl_1_5/141-7314364-1824368?pd_rd_w=Bk2eO&content-id=amzn1.sym.a05c3cf8-51a1-4242-994f-07e62a9ad764&pf_rd_p=a05c3cf8-51a1-4242-994f-07e62a9ad764&pf_rd_r=24AQWA7AYVZTA086F5JX&pd_rd_wg=Cs0Iu&pd_rd_r=8ad59d46-5aed-4e4a-bbfa-2a119746f430&pd_rd_i=B0BBJDS62N&th=1
2025-11-21T06:53:59+01:00,"Tunoyee Latest 16'' Laptop Computer 2560 * 1600 FHD Display, 16GB RAM 1T SSD, 12 Gen N95 Processor(Up to 3.4GHz), Compatible with Windows 11 Laptop, 180° Open Angle, Backlit Keyboard, WiFi, USB-A&C",17699.41,"PHP17,699.41",https://m.media-amazon.com/images/I/61b4g0pMnfL._AC_SL1500_.jpg,https://www.amazon.com/dp/B0FC2K9KMM/ref=sspa_dk_detail_2?pd_rd_i=B0FC2K9KMM&pd_rd_w=zTo0A&content-id=amzn1.sym.7446a9d1-25fe-4460-b135-a60336bad2c9&pf_rd_p=7446a9d1-25fe-4460-b135-a60336bad2c9&pf_rd_r=XAEEC5268AY500K03GX4&pd_rd_wg=nDUxX&pd_rd_r=70f68850-98b4-4173-a064-433e0a7e7388&sp_csd=d2lkZ2V0TmFtZT1zcF9kZXRhaWw&th=1
"2025-11-21 14:02:01","Tunoyee Latest 16'' Laptop Computer 2560 * 1600 FHD Display, 16GB RAM 1T SSD, 12 Gen N95 Processor(Up to 3.4GHz), Compatible with Windows 11 Laptop, 180° Open Angle, Backlit Keyboard, WiFi, USB-A&C",17699.41,"PHP17,699.41",https://m.media-amazon.com/images/I/61b4g0pMnfL._AC_SL1500_.jpg,https://www.amazon.com/dp/B0FC2K9KMM/ref=sspa_dk_detail_2?pd_rd_i=B0FC2K9KMM&pd_rd_w=zTo0A&content-id=amzn1.sym.7446a9d1-25fe-4460-b135-a60336bad2c9&pf_rd_p=7446a9d1-25fe-4460-b135-a60336bad2c9&pf_rd_r=XAEEC5268AY500K03GX4&pd_rd_wg=nDUxX&pd_rd_r=70f68850-98b4-4173-a064-433e0a7e7388&sp_csd=d2lkZ2V0TmFtZT1zcF9kZXRhaWw&th=1
"2025-11-21 14:12:01","Tunoyee Latest 16'' Laptop Computer 2560 * 1600 FHD Display, 16GB RAM 1T SSD, 12 Gen N95 Processor(Up to 3.4GHz), Compatible with Windows 11 Laptop, 180° Open Angle, Backlit Keyboard, WiFi, USB-A&C",17714.41,"PHP17,714.41",https://m.media-amazon.com/images/I/61b4g0pMnfL._AC_SL1500_.jpg,https://www.amazon.com/dp/B0FC2K9KMM/ref=sspa_dk_detail_2?pd_rd_i=B0FC2K9KMM&pd_rd_w=zTo0A&content-id=amzn1.sym.7446a9d1-25fe-4460-b135-a60336bad2c9&pf_rd_p=7446a9d1-25fe-4460-b135-a60336bad2c9&pf_rd_r=XAEEC5268AY500K03GX4&pd_rd_wg=nDUxX&pd_rd_r=70f68850-98b4-4173-a064-433e0a7e7388&sp_csd=d2lkZ2V0TmFtZT1zcF9kZXRhaWw&th=1
"2025-11-22 06:37:24","Vitamix 5200 Blender, Professional-Grade Blender for Smoothies, Soups, Ice Cream and More, Stainless-Steel Blades, Self-Cleaning Kitchen Appliance, 64 Oz Container, Black",17663.76,"PHP17,663.76",https://m.media-amazon.com/images/I/71LFQWt5nEL._AC_SL1500_.jpg,https://www.amazon.com/Vitamix-Blender-Professional-Grade-Container-Black/dp/B008H4SLV6?pd_rd_w=6imZY&content-id=amzn1.sym.e6c929f3-c0de-4b31-bf73-a135e2d08b59&pf_rd_p=e6c929f3-c0de-4b31-bf73-a135e2d08b59&pf_rd_r=1MVQ442FE4EE4G244V2J&pd_rd_wg=JICTd&pd_rd_r=fa40b4e5-42b9-45f5-ad2d-be0784cd623b&pd_rd_i=B008H4SLV6&ref_=pd_hp_d_btf_unk_B008H4SLV6&th=1
"2025-11-22 06:38:57","Emeril Lagasse Extra Large French Door Air Fryer Toaster Oven Combo, 24 Cooking Functions and Digital Controls, 7 Accessories Included, Stainless Steel Finish, 26QT Capacity",8849.41,"PHP8,849.41",https://m.media-amazon.com/images/I/81vY0UkbqnL._AC_SL1500_.jpg,https://www.amazon.com/Emeril-Lagasse-Convection-Toaster-Stainless/dp/B09B7SB46R?pd_rd_w=4JIit&content-id=amzn1.sym.e6c929f3-c0de-4b31-bf73-a135e2d08b59&pf_rd_p=e6c929f3-c0de-4b31-bf73-a135e2d08b59&pf_rd_r=5J5B6Q86YM7VXQNWTEER&pd_rd_wg=b3EeX&pd_rd_r=2d555e14-9a8b-4360-8825-8bfa2f48a87f&pd_rd_i=B09B7SB46R&ref_=pd_hp_d_btf_unk_B09B7SB46R
"2025-11-22 06:41:47","Stare Junior — The Exciting, Award-Winning Game of Memory and Observation — Fun & Educational for The Whole Family, Ages 6 and Up",1400.97,"PHP1,400.97",https://m.media-amazon.com/images/I/81ebsu3wCrL._AC_SL1500_.jpg,https://www.amazon.com/dp/B00004W60H/ref=sspa_dk_detail_4?psc=1&pd_rd_i=B00004W60H&pd_rd_w=csOXS&content-id=amzn1.sym.85ceacba-39b1-4243-8f28-2e014f9512c7&pf_rd_p=85ceacba-39b1-4243-8f28-2e014f9512c7&pf_rd_r=ZYY6JAM8JCR8JNP6ZS1J&pd_rd_wg=hWLHV&pd_rd_r=6fb802eb-6129-4caa-b5a7-61c362a3db83&sp_csd=d2lkZ2V0TmFtZT1zcF9kZXRhaWxfdGhlbWF0aWM
